{"cameraMode":{"drawMode":0,"name":"Shaded","section":"Shading Mode"},"sceneLighting":false,"audioPlay":false,"sceneViewState":{"m_AlwaysRefresh":false,"showFog":true,"showSkybox":false,"showFlares":true,"showImageEffects":true,"showParticleSystems":true,"showVisualEffectGraphs":true,"m_FxEnabled":true},"in2DMode":false,"pivot":{"x":7.140000343322754,"y":-0.9889322519302368,"z":-4.890000343322754},"rotation":{"x":0.34511518478393557,"y":0.0259032491594553,"z":-0.009527154266834259,"w":0.9381580352783203},"size":1.5308650732040406,"orthographic":false}