{"cameraMode":{"drawMode":0,"name":"Shaded","section":"Shading Mode"},"sceneLighting":false,"audioPlay":false,"sceneViewState":{"m_AlwaysRefresh":false,"showFog":true,"showSkybox":false,"showFlares":true,"showImageEffects":true,"showParticleSystems":true,"showVisualEffectGraphs":true,"m_FxEnabled":true},"in2DMode":false,"pivot":{"x":0.1820385456085205,"y":-0.0014853430911898614,"z":1.0615652799606324},"rotation":{"x":0.0020431173034012319,"y":0.7316931486129761,"z":0.0021960369776934387,"w":-0.6816316843032837},"size":0.8418664336204529,"orthographic":false}