{"cameraMode":{"drawMode":0,"name":"Shaded","section":"Shading Mode"},"sceneLighting":false,"audioPlay":false,"sceneViewState":{"m_AlwaysRefresh":false,"showFog":true,"showSkybox":false,"showFlares":true,"showImageEffects":true,"showParticleSystems":true,"showVisualEffectGraphs":true,"m_FxEnabled":true},"in2DMode":false,"pivot":{"x":1.591102123260498,"y":2.5844414234161379,"z":0.13375453650951386},"rotation":{"x":-0.454689621925354,"y":-0.16832683980464936,"z":0.08792755007743836,"w":-0.8701793551445007},"size":0.5532169938087463,"orthographic":false}